,辛酸乙酯,丁酸乙酯,庚酸乙酯,己酸己酯,乙酸乙酯,己酸丁酯,戊酸乙酯,癸酸乙酯,己酸丙酯,己基丁酸酯,己酸戊酯,壬酸乙酯,十二酸乙酯,乙酸己酯,辛酸己酯,丁酸丁酯,己酸2-甲基丙酯,丁酸3-甲基丁酯,异戊醇,苯丙酸乙酯,异戊醛,正己醇,苯乙酸乙酯,3-甲基丁酸乙酯,苯乙醛，二乙基乙醛,4-甲基戊酸乙酯,辛酸丁酯,2-甲基丙酸乙酯,2-己烯酸乙酯,十四酸乙酯,丙酸乙酯,辛酸丙酯,2-甲基丁酸乙酯,十六酸乙酯,戊酸丁酯,辛酸3-甲基丁酯,十一烷酸乙酯,壬醛,戊酸3-甲基丁酯,庚酸3-甲基丁酯,丁酸辛酯,苯甲酸乙酯,己酸甲酯,己酸,"2,4-二叔丁基苯酚",丁酸庚酯,己酸1-甲基己基酯,乙酸丁酯,苯甲醛,二十一烷,1-丁醇,乙基(E)- 4 - 庚烯酸,2-甲基丁醛,2-壬酮,己酸异戊酯,己酸-2-苯乙酯,2-羟基-4-甲基戊酸乙酯,十五酸乙酯,植物酮,9-十六碳烯酸乙酯,反式-4-癸酸乙酯,L(-)-乳酸乙酯,己酸糠酯,2-十五烷酮,丁酸,十三酸乙酯,己醛,异丁醇,亚油酸乙酯,乙酸辛酯,反油酸乙酯,3-甲基丁酸辛酯,(Z)-己-3-烯酸乙酯,对甲酚,甲酸乙酯,糠醛,"2,6-二叔丁基-4-甲基苯酚",辛酸辛酯,异丁醛,3-己烯酸乙酯,乙酸2-苯乙酯,(Z)-4-癸烯酸乙酯,正辛酸异丁酯,庚酸,乙酸-3-甲基-1-丁醇,(3Z)-3-癸烯-1-醇乙酸酯,3-己烯酸乙酯.1,十一醇,1-亚甲基-1H-茚,乙酸正丙酯,乙醛,正丁酸戊酯,辛酸,乳酸乙酯,S-甲基丁酸酯,醋酸,2-甲基-2-苯乙酯丙酸,丁二酸二乙酯,Group
s1t0,8.971834164,8.580984274,8.527706421,6.74265835,9.163764048,7.235136853,8.304557657,7.978671886,7.854268689,6.968561972,0,7.732424397,7.686409535,7.25468691,0,7.224660194,7.688214939,7.353869157,8.357403555,7.115180569,8.008284717,7.713515856,8.342033711,8.448468537,7.318730435,7.553189065,0,8.156836311,0,0,8.310777656,6.999448877,8.033106127,0,6.942040417,0,0,7.359839775,6.756494213,0,0,7.380043195,0,0,6.870452941,0,0,0,7.623388845,7.247486404,7.237381938,0,7.439038379,7.541105027,7.247947475,0,7.536993183,0,0,0,7.523624259,0,0,0,0,0,0,7.406466647,0,0,0,0,0,0,0,8.342659771,0,0,6.973200105,0,7.518370311,0,0,0,8.039899226,0,0,6.733919937,0,7.700197424,7.003992815,0,0,0,0,0,0,7.063628019,0
s2t0,8.802796778,7.616477937,7.613572039,0,8.980279979,8.439022042,7.330466088,7.643859309,6.562913329,7.714570569,0,7.098439402,6.260602735,6.357502831,0,7.841668607,7.688214939,6.468156882,8.804496846,6.162999648,7.379645113,7.055916557,6.560207859,7.010001041,6.246156631,6.510425346,0,6.909411955,0,0,7.20600083,0,6.826734664,0,6.263202436,0,0,7.337929018,7.135954894,0,0,7.302991287,0,6.221148494,7.168708425,0,0,0,7.210567911,7.242395446,6.345306226,0,6.646771685,6.95060266,6.269547577,0,7.451096202,0,0,0,7.518011504,0,0,0,0,0,0,7.808399872,0,0,0,0,0,0,0,7.132989827,0,0,6.180301844,0,6.908841107,0,0,0,7.978463595,0,0,6.667087814,0,6.630256924,6.77640911,0,0,0,0,0,0,7.475372503,0
s3t0,9.2845213,8.887130263,9.044068594,8.271799035,8.814438636,8.802955312,8.769149642,7.809575432,8.243331566,8.217408149,7.942917789,7.79458504,0,7.552648082,0,8.482466187,7.732600177,7.740230744,8.137834648,7.517041001,7.273886585,7.958622014,7.091853526,6.738614588,6.733653896,7.211324237,0,7.116764944,0,0,7.062233526,6.846080712,6.699286976,0,7.872022951,0,0,7.390393931,7.256242605,0,0,6.856640045,0,8.320209136,0,0,0,0,6.773053128,6.868740781,7.709485179,0,6.630890057,7.196886189,8.422233809,0,7.117150704,0,0,0,6.476961611,0,0,0,0,0,0,7.192318694,0,0,0,0,0,0,0,6.985425397,0,0,6.831864666,0,6.654906167,0,0,0,7.938816437,0,0,6.611126867,0,6.617204466,6.666311465,0,0,0,0,0,0,7.130614115,0
s4t0,9.238757335,8.798147101,8.809061804,7.421667557,9.164786052,7.758038588,8.548163458,8.476847273,8.13088061,7.44541409,7.296897369,8.267042078,7.608394624,7.239066027,0,7.357233882,7.527270541,7.625506524,8.278287835,7.223013845,7.989946939,7.62783314,8.28602756,8.589089204,7.599090664,7.611588053,0,8.321539712,0,0,8.349970688,7.127505576,8.150677374,0,7.103400349,0,0,7.484062803,7.316944376,0,0,7.458340835,0,0,7.324084082,0,0,0,7.677235807,7.59753117,7.11925198,0,7.423678129,7.594351939,7.916454187,0,7.469778437,0,0,0,7.979263892,0,0,0,0,0,0,7.26436542,0,0,0,0,0,0,0,8.302461091,0,0,6.940843763,0,7.571333527,0,0,0,8.01687724,0,0,0,0,7.546995075,7.107354527,0,0,0,0,0,0,6.963817583,0
s5t0,8.741959172,8.75807142,8.60206828,0,9.124683112,7.319557914,8.506716934,7.561539034,7.941614805,6.997911879,0,7.389194476,7.251943941,7.137927739,0,7.283864578,7.198415487,7.455861108,8.256162217,7.205937666,7.933106873,7.636179575,8.27351099,8.529991614,7.106645421,7.524370882,0,8.265757419,0,0,8.318619082,0,8.115917502,0,7.001816549,0,0,7.342499509,6.899071249,0,0,7.431646692,0,7.071933052,6.80949811,0,0,0,7.690248939,7.181675212,7.178744374,0,7.370804849,7.510154449,7.167742614,0,7.417597385,0,0,0,7.115895089,0,0,0,0,0,0,7.324702868,0,0,0,0,0,0,0,8.289623238,0,0,6.875230943,0,7.580336049,0,0,0,7.965553448,0,0,0,0,7.506604058,7.049363361,0,0,0,0,0,0,6.915436797,0
s6t0,8.8016079,8.725065616,8.566937495,0,9.100203297,7.34990384,8.456202114,7.697877184,7.899802939,7.046553204,0,7.553382585,7.250107312,7.080821706,0,7.222172974,7.135026843,7.372303576,8.243955009,7.240744503,7.916903023,7.616993818,8.296435853,8.469703395,7.464934867,7.477764056,0,8.225749559,0,0,8.292134572,0,8.034873871,0,6.978633063,0,0,7.303563851,6.877475698,0,0,7.433871517,0,7.122371678,6.854674952,0,0,0,7.661490692,7.217015805,7.145835971,0,7.356699279,7.500780771,7.300991875,0,7.402261305,0,0,0,7.301542996,0,0,0,0,0,0,7.288176625,0,0,0,0,0,0,0,8.269054022,0,0,6.832759105,0,7.594391004,0,0,0,7.925926828,0,0,7.722245968,0,7.501300191,6.984486663,0,0,0,0,0,0,6.937265063,0
s7t0,9.609202799,8.795417507,9.383397499,9.070924489,8.645031195,8.952226312,8.861290296,7.950601355,8.488157562,7.943139078,8.184450756,7.683904049,7.855880311,7.888709786,0,7.574486948,8.102945336,7.59391831,7.956578121,7.612318391,7.63283512,8.186143595,7.552037333,7.612929633,7.120016823,7.649216849,0,7.315711463,0,0,7.431533059,0,7.199130319,0,7.528429715,0,0,7.383444739,7.344239293,0,0,7.118382661,0,8.654580978,7.232402627,0,0,0,7.216434475,6.930009387,7.358399629,0,6.980733226,7.270454289,8.874319585,0,6.883817137,0,0,0,7.518011504,0,0,0,0,0,0,6.926261565,0,0,0,0,0,0,0,7.444868405,0,0,6.831864666,0,7.426590754,0,0,0,7.552849035,0,0,0,0,7.419441821,6.957154101,0,0,0,0,0,0,7.130614115,0
s1t2,9.90081504,9.517032103,9.613345297,9.981187817,9.068743,9.449179564,8.893048484,8.867339653,8.59969451,8.871066711,9.039541358,8.475643551,7.985593298,7.904421162,8.202063572,7.927785404,8.068489482,7.829692798,7.238953629,7.685334762,7.651345339,7.634620658,7.37975755,7.440517811,7.432446741,7.284163764,8.243492232,6.895603649,7.925810506,7.662683101,6.920991049,7.744858259,7.450267222,0,7.890216111,7.504944913,7.474431707,6.853478449,7.634132594,7.574879861,7.523331658,6.729824048,7.303537991,0,0,7.112006509,7.033229586,6.886884584,0,7.019920888,7.375334846,7.160441298,6.99866304,6.862105922,9.210353476,0,0,0,0,0,6.86519427,0,7.221873987,0,0,0,0,0,0,7.204803766,0,6.973420246,0,0,0,6.781105706,6.901082856,0,0,6.865329643,0,0,0,0,0,0,0,0,7.151714161,0,0,7.375334846,0,7.639917059,0,0,0,0,2
s2t2,9.85811294,9.467042793,9.577658537,9.903539006,8.999769668,9.429738922,8.866898028,8.759461871,8.574802698,8.806918727,8.979665447,8.434546007,7.942586134,7.862392892,8.169667653,7.860606024,7.990795911,7.711276137,7.21477393,7.527061617,7.456656042,7.643338012,7.278233007,7.233442554,7.393171782,7.266798044,8.200756501,6.988348536,7.994310567,7.479091213,6.839927959,7.692766185,6.943096162,0,7.875662179,7.505273744,7.401125247,6.916790534,7.50702778,7.455304288,7.54298355,6.730682934,7.138950199,0,0,7.37432467,7.319806303,6.852988208,6.80144932,7.266369188,6.810438809,7.18697829,6.79142216,7.13855642,9.123671883,0,0,0,0,0,6.826264061,0,7.177492882,0,0,0,0,0,0,7.338014452,0,6.895176195,0,0,0,7.000144277,6.737149871,0,0,7.241885308,0,0,0,0,0,0,0,0,7.071262957,0,0,7.260138807,0,7.668433118,0,0,0,0,2
s3t2,9.812908651,9.209925753,9.403135701,9.874995063,8.918731175,9.234566757,8.807084295,8.96568861,8.3849146,8.554983745,8.859760235,8.49506217,8.402172122,7.792027579,8.363155417,7.681725897,8.001945763,7.589895856,7.832597604,7.997307561,7.547047976,8.028426242,7.680204091,7.336111671,7.783744735,7.262514284,8.086216817,7.152500157,7.572730419,7.954757276,7.036372583,7.63761413,7.237473619,0,7.651164694,7.679091355,7.645456585,7.470621044,7.421986054,7.502238723,7.431167468,7.142892396,6.918236833,0,0,7.23712606,7.457337308,6.894578064,7.001604932,7.452564841,7.325178434,6.881298527,6.929421695,6.885693829,9.060386939,0,0,0,0,0,7.060091428,0,7.409015555,0,0,0,0,0,0,7.003801209,0,7.024090369,0,0,0,7.776407707,7.143654292,0,0,0,0,0,0,0,0,0,0,0,7.042702544,0,0,7.468840158,0,7.93524761,0,0,0,0,2
s4t2,9.922989162,9.799387414,9.706446475,10.25378347,9.394441461,9.532993213,9.212809089,8.557785074,9.0435989,8.925274669,9.18633432,8.322289329,7.758548895,8.164363128,8.661447851,8.076635854,8.297659847,7.872790116,7.328837157,7.595867584,7.69230718,8.079431293,7.258421578,7.249024078,7.021239011,7.504117068,8.400954322,7.09661718,7.965838935,7.444350203,7.103005491,8.097829247,6.946703054,0,8.069159783,7.867139812,7.078641623,7.190629735,7.665969486,7.752087048,7.6403841,6.884075327,7.617381712,0,0,7.451224308,7.659021921,7.168941494,0,7.175919027,7.043557706,7.141708673,7.035227524,6.940696727,9.250798283,0,0,0,0,0,7.088333205,0,7.151733238,0,0,0,0,0,0,7.07518858,0,7.174891005,0,0,0,7.00192346,6.754013323,0,0,7.210002574,0,0,0,0,0,0,0,0,6.772496941,0,0,7.65406843,0,7.477329808,0,0,0,0,2
s5t2,9.849946289,9.465558646,9.636076747,9.935628018,9.027180914,9.396605941,8.790893709,8.870390079,8.587194308,8.827780229,9.019187329,8.487907912,8.072122687,7.851524131,8.210639161,7.864073323,8.129426468,7.795373175,7.243027835,7.492068238,7.4755805,7.598356371,7.214312512,6.872576089,7.099959459,7.163522807,8.206870286,6.700992217,7.878099271,7.548951626,6.70540698,7.761110127,7.039426319,0,7.780231565,7.648183301,7.482076302,6.868232546,7.63133245,7.548913825,7.607277716,6.690486461,7.039222772,0,0,7.412794099,7.392385502,6.832070915,0,7.244110231,6.914754155,7.050158607,6.801755483,6.893946147,9.159849386,0,0,0,0,0,7.082779174,0,7.123577821,0,0,0,0,0,0,7.150249525,0,6.995264647,0,0,0,6.843456581,6.7910222,0,0,6.749470968,0,0,0,0,0,0,0,0,7.031311028,0,0,7.677530895,0,7.581438503,0,0,0,0,2
s6t2,9.902512624,9.458767184,9.637764422,9.953434514,9.015830863,9.41070909,8.801523325,8.909867082,8.57440941,8.852347928,9.024593801,8.530858177,8.067240764,7.885003213,8.139723227,7.865637348,8.161723197,7.812662751,7.256907651,7.558861085,7.476809348,7.633433971,7.252237808,6.913462412,7.237919438,7.22784066,8.196678962,6.716711188,7.943461291,7.643549112,6.720103159,7.740309902,7.159139716,0,7.924547256,7.645948528,7.497030233,6.992982593,7.655172707,7.599419819,7.604248447,6.884075327,7.061416234,0,0,7.442699845,7.421738465,6.884280085,0,7.274242289,6.711237804,7.201477787,6.813784948,6.818561331,9.214876917,0,0,0,0,0,7.122296934,0,7.104023573,0,0,0,0,0,0,7.345083552,0,6.963697073,0,0,0,6.848907775,6.901082856,0,0,0,0,0,0,0,0,0,0,0,7.000365701,0,0,7.364668304,0,7.564346165,0,0,0,0,2
s7t2,9.930339598,9.24707701,9.542758997,9.927262319,8.898631263,9.382771478,8.95579098,8.95790578,8.543455107,8.741116643,8.963185523,8.572183357,8.214205089,7.916631665,8.196523345,7.886650627,8.170183021,7.780258275,7.796756329,7.707507543,7.545088815,7.961584339,7.390958073,7.328080614,7.562476685,7.350933442,8.145798778,7.07919767,7.711692386,7.685600803,6.978817453,7.692730348,7.097222987,0,7.853371294,7.711540417,7.573962661,7.48987447,7.606824995,7.576036013,7.50111883,6.941521273,7.106915688,0,0,7.339906339,7.496454199,6.991002229,6.848838718,7.344380695,7.266909679,6.980452469,6.928209413,6.963779172,9.18237593,0,0,0,0,0,7.355311053,0,7.272012996,0,0,0,0,0,0,7.207544231,0,6.945146049,0,0,0,7.304995508,6.933462885,0,0,0,0,0,0,0,0,0,0,0,7.079192577,0,0,7.494166025,0,7.653272345,0,0,0,0,2
s1t4,9.605802996,9.613876026,9.441124981,9.820522111,9.383295315,9.162819104,8.893082779,8.762221895,8.426753752,8.570901372,8.733695248,8.21434739,8.41785407,7.84795975,8.584967851,7.873711343,7.910744322,7.676935002,7.33555467,7.651593821,7.698923848,7.673480196,7.445794142,7.100990756,7.368473922,7.251138384,8.069467654,7.049296689,7.885184875,8.045605594,7.083001259,7.468423369,6.779743214,8.674813323,7.627848311,7.760956138,7.606123283,6.755239902,7.382712985,7.381809711,7.459055906,6.8954768,7.148192677,0,7.510067255,7.15094343,7.363767837,6.907247021,7.022170922,7.220982564,7.118694906,7.144037419,6.702055851,6.713256502,8.910509964,7.056735609,6.861426848,7.078920572,6.664210867,6.840742489,7.086946998,7.581783792,7.720658102,6.807139121,0,7.021063347,6.850986249,0,0,6.816926596,0,7.09681131,7.081557914,6.762064313,6.512717331,7.536834054,6.826234712,7.216942795,6.597967394,0,6.781931298,6.906674379,6.684904763,0,0,6.74723107,6.704877508,0,0,6.305235838,0,7.172246684,7.24699335,0,0,0,0,0,4
s2t4,9.673834732,9.558360543,9.460897917,9.899745444,9.328073102,9.250765513,8.868574583,8.805889705,8.451908806,8.611306342,8.830296403,8.313037903,8.455118687,7.841600186,8.666997965,7.822562037,7.943574337,7.614440225,7.263334938,7.660570192,7.683345208,7.666873453,7.550323862,7.282389687,7.450872582,7.221802943,8.192388528,7.161319196,8.00618139,7.942943859,7.058793576,7.559802683,6.966728228,8.379684345,7.743965145,7.744849451,7.646532327,6.838582278,7.363481251,7.418964067,7.550175019,6.935680592,7.136298587,0,7.48356928,7.256405596,7.396231057,6.917594317,7.219248509,7.398378305,7.184097429,7.246996302,0,7.112966254,8.970069248,7.220175441,6.667904023,7.012274628,6.732385545,7.258336059,6.934141386,7.621190422,7.774506827,6.899513387,0,6.846420712,6.936060724,0,7.80273232,6.924932524,0,7.1587372,6.987982689,6.723168604,6.484571826,7.586171014,6.849350606,7.208175478,6.49257485,0,6.819942897,6.738122921,6.74645534,0,0,7.002534174,6.870353932,0,0,6.253103897,0,0,7.401367045,0,0,0,0,0,4
s3t4,9.706311252,9.280314245,9.337475182,9.781352551,9.199196418,9.138453628,8.804457847,8.89463534,8.312147342,8.44328616,8.745060739,8.401731496,8.397750416,7.783749081,8.348245637,7.638549889,7.912661664,7.524119287,7.80606514,7.961495809,7.698387482,7.973676578,7.75457408,7.389210038,7.671766193,7.214735931,8.012873502,7.292731622,7.63269447,8.149246209,7.194428883,7.54804832,6.995789734,8.75837667,7.560505213,7.667196644,7.643869172,7.478517528,7.351004867,7.433478593,7.349837996,7.235404373,6.927312955,0,6.964465248,7.136033779,7.36404166,6.95023905,7.256074597,7.459212072,7.383339824,7.161677283,6.937238294,6.8467092,8.946935606,7.280786961,7.192566171,7.187108322,6.83500239,7.389546101,6.955765541,7.849092733,7.740242086,7.021364101,0,7.19552329,7.053275377,0,7.68823109,6.82149167,0,6.998426828,6.802683185,6.750791769,6.458986044,8.124472481,6.959779238,6.73889954,6.634200245,0,6.961915159,7.054589067,6.700947119,0,0,7.298708824,6.559759479,0,0,6.312939301,0,0,7.364756483,0,0,0,0,0,4
s4t4,10.02550418,9.980104776,9.772981577,10.35784082,9.727874996,9.624922784,9.302664606,8.646183477,9.099759201,9.014901839,9.280402084,8.433204725,7.905420821,8.200131715,8.772894194,8.19134682,8.385399277,7.941932211,7.43216475,7.727945854,7.895933215,8.027302244,7.351182317,7.405307292,7.230904631,7.577974028,8.488188728,7.350253631,8.038260276,7.604205411,7.390932975,8.185912075,7.06756455,8.324411726,8.128015233,7.984188778,7.452176033,6.732963582,7.767762934,7.852045838,7.726174617,6.962634854,7.693538975,0,6.651984496,7.550809317,7.753548699,7.291698279,6.99428506,7.356674688,7.38452996,7.392668116,6.992122538,6.860855448,9.344177956,7.56957786,6.68564181,6.86257945,6.194240406,6.505088428,6.98785775,7.502682637,7.577330995,0,0,7.102154303,7.136477316,0,6.591538314,7.090551637,0,7.257913288,6.846453851,7.223923511,6.674982101,7.010747104,7.019483208,7.100316442,6.777282486,0,6.666432271,6.763789988,7.086383133,0,0,6.591538314,6.846453851,0,0,6.69725222,0,0,8.061285169,0,0,0,0,0,4
s5t4,9.408142771,9.519501423,9.305223917,9.674465978,9.332852165,8.96528095,8.703868084,8.667460548,8.245639711,8.364741157,8.580006597,8.07555258,8.454696724,7.705092981,8.549225755,7.712321508,7.609558147,7.462060043,7.345846289,7.632708845,7.6716425,7.60938744,7.434029794,6.841399926,7.355717445,6.98316388,7.936901621,6.816981277,7.760464876,8.07386633,6.894210172,7.326128324,6.516385887,8.620835351,7.59040266,7.686655961,7.553621738,6.604180437,7.149232664,7.183127487,7.358898672,6.882852666,6.941472927,0,7.306075642,7.01804654,7.179166189,6.811420552,6.973613178,7.122823352,7.127839911,6.951645244,0,6.744061319,8.657528469,7.164749129,6.760609965,7.097689288,6.678684646,7.235501083,6.848208575,7.541099264,7.620549839,6.819518095,0,7.087279555,6.730574251,0,0,6.676822046,0,7.03533621,6.609448613,6.694286915,6.536113945,7.390890728,7.099833928,7.215445156,6.631190766,0,6.758649228,6.582568465,6.468051013,0,0,6.819594469,6.58441528,0,0,6.38991645,0,7.284961323,7.253460738,0,0,0,0,0,4
s6t4,9.770453209,9.537451584,9.532788498,9.926946992,9.311480847,9.291941456,8.788122216,8.917165473,8.475622584,8.716196249,8.93642608,8.455186479,8.472474432,7.831526143,8.515864304,7.832949152,8.027227399,7.712135451,7.243722603,7.636296681,7.670815929,7.5447251,7.359994386,6.960638841,7.353221279,7.158951156,8.175398495,6.893355812,7.94419673,8.125322674,6.934847163,7.66318361,6.640460226,8.722882024,7.661683065,7.818592871,7.687655488,6.872160254,7.532701976,7.554285332,7.59287871,6.859056907,7.028118522,0,6.992987678,7.347769229,7.433237724,6.860532654,6.971664496,7.43619358,7.067397738,7.126646542,0,6.741175967,9.104407393,7.293928307,6.882118593,7.315298335,6.742880832,6.845817521,6.739625384,7.522941919,7.62072705,6.932000941,0,6.883943976,6.806336026,0,7.64667905,7.006257617,0,7.105580199,6.816211024,6.615425726,6.530594329,7.346546326,6.864845988,7.199887283,6.470879648,0,6.682129034,7.189002856,6.835210521,0,0,6.983705322,6.664370761,0,0,6.261733091,0,7.247838581,7.21860195,0,0,0,0,0,4
s7t4,9.770311242,9.342371384,9.424284107,9.838688659,9.223029513,9.239790355,8.91916644,8.899268942,8.434355385,8.577553829,8.833731071,8.438601988,8.480489893,7.847879439,8.468660743,7.791248328,8.005431655,7.666373338,7.741206936,7.741645123,7.714094606,7.845781533,7.562293011,7.345967695,7.52841717,7.253432085,8.060026059,7.233923835,7.732459815,8.13560539,7.172300968,7.570100093,6.976543032,8.720118855,7.71693028,7.792711121,7.656143238,7.313294033,7.457290125,7.4757471,7.425650229,7.145006497,7.074455842,0,7.006268802,7.204460532,7.44475855,6.961600344,7.161200773,7.404601154,7.37085915,6.926261013,6.927390831,6.865133193,9.030351966,7.281970142,6.882118593,7.172374415,6.714067276,7.441824942,7.203132952,7.569012078,7.558736825,7.03791048,0,7.358422157,7.034316382,0,6.499308331,6.89797375,0,7.002405871,6.882540429,6.57668308,6.63829157,7.717451926,7.023358397,6.717002456,6.727658,0,0,6.813233371,6.7726443,0,0,7.195250204,6.686304453,0,0,6.312194434,0,0,7.302613121,0,0,0,0,0,4
s1t6,9.226149793,9.430975828,9.047474461,9.459519577,9.274827933,8.75832251,8.638316881,8.394031036,8.011208174,8.154134689,8.334919887,7.823877252,8.166310024,7.527833266,8.328251955,7.522908785,7.323085617,7.175002886,7.314867501,7.582385344,7.558183496,7.695008118,7.373646386,6.845113844,7.174519223,6.871807303,7.704604933,6.81740314,7.61134396,7.780362935,6.982063851,7.089535413,6.79917556,8.137785431,7.373228636,7.292300759,7.324086407,6.541628643,6.833487518,6.892597994,7.063475613,6.822060136,6.927748219,8.177749558,7.087803512,6.808911828,6.967471938,6.723549298,6.73791594,6.91340407,7.17866424,6.819957337,6.921813265,6.5232111,8.385307725,7.071943314,6.686992732,6.929954881,6.66331623,6.876517189,6.482115738,7.637888558,7.221143619,6.710501234,7.392979467,6.65864176,6.489834001,6.432451041,0,0,0,6.832757656,6.593669028,6.551665122,6.341109617,7.105063608,6.643366319,6.769400441,6.474416596,6.555666872,6.666565776,0,0,6.734695517,0,6.740824553,6.555666872,0,0,0,7.003677369,0,0,0,6.197797887,0,6.770912028,6.52938629,6
s2t6,9.312451239,9.453172867,9.115402423,9.519265523,9.299565424,8.881308568,8.68851757,8.419348861,8.087454658,8.219819215,8.42570255,7.920074128,8.232154763,7.560069937,8.426257792,7.533662433,7.371469157,7.167301063,7.246590689,7.566218931,7.607573901,7.675321274,7.396576805,7.131299611,7.234617752,6.940341428,7.808562054,7.064894661,7.75119697,7.856008373,7.032349772,7.135767195,7.072439107,8.157561579,7.418438657,7.28852073,7.38131708,6.670657266,6.865656855,6.908946186,7.138813842,6.860207112,7.001806123,8.216596602,6.956014318,6.907121186,7.013361551,6.810049228,6.924977642,7.111320654,7.133466105,7.057237425,7.031614304,6.992082314,8.439694573,7.000446939,6.71754909,6.974299437,6.288658214,6.980065344,6.655436192,7.625000541,7.26203701,6.7947553,7.40177821,6.898228798,6.671800465,6.465524416,0,0,0,6.87079824,6.816610772,6.474870198,6.543274706,7.19613751,6.591852171,6.902821606,6.533688084,6.7814968,6.596548876,6.639525119,0,0,0,6.86428164,6.7814968,0,0,0,7.083088938,0,0,0,6.061385818,0,6.711171053,6.556632685,6
s3t6,9.578118844,9.192919348,9.234361602,9.616041423,9.10527543,9.003750374,8.729915726,8.720894204,8.201435703,8.303395948,8.579753725,8.23836316,8.345200402,7.641829924,8.292784316,7.539697416,7.793728573,7.422139332,7.744493503,7.822421381,7.614353224,7.912756783,7.565842332,7.378677665,7.37472736,7.147147993,7.843721389,7.254530763,7.489141949,7.980113102,7.121372067,7.385699455,7.130836836,8.296426932,7.466483835,7.525776039,7.511634618,7.326120124,7.231676253,7.267945995,7.172453454,7.101255409,6.898055948,8.263817441,6.990559709,7.002185521,7.247189701,6.828371106,7.002424466,7.267227255,7.312817811,6.849872093,7.020212223,6.763766255,8.800937867,7.123800667,7.189010982,6.869524071,6.581456949,6.992401782,6.84205545,7.819271089,7.283612496,6.896804422,7.358154146,7.247419316,6.578655828,6.775801981,0,0,0,6.871386432,6.74405147,6.436333363,6.382235693,7.718776687,6.647655053,6.847897519,6.576849981,6.451688693,6.829265117,6.869165884,6.543138093,0,0,7.130493172,0,0,0,0,7.133253909,0,0,0,6.124226353,0,6.797537853,6.723563078,6
s4t6,9.51226201,9.910161216,9.447478887,9.587382687,9.665632687,9.118227034,9.214682267,7.877384346,8.781991458,8.507939796,8.611562218,7.756402454,7.340743223,8.015898637,8.163250979,8.058549983,7.903694991,7.640574347,7.347384627,7.438572991,7.833013835,8.013663211,7.231548231,7.366366252,6.938007757,7.424898951,7.73409396,7.313537305,7.866659193,7.342893194,7.391079345,7.516030862,7.08857961,7.992458137,7.823317719,7.152229452,6.694991828,6.40887756,7.287129508,7.087371493,6.926104727,6.801482811,7.605803877,8.69180289,6.926918254,6.999863258,7.062766492,7.233991824,6.730044338,7.045639567,7.379655231,7.041373872,7.229179405,6.735558152,8.704028406,6.821429134,6.527615562,6.906686652,6.524617146,6.696105467,6.696338798,7.711513588,7.044751345,6.776329574,7.672017416,6.889602513,6.871966605,6.549697401,0,0,0,6.613349692,6.902085469,6.978573559,6.627520171,6.647768955,6.560119051,6.482973461,6.749529752,7.133327005,6.487307153,0,0,7.423302063,0,0,0,0,0,0,7.130238826,0,0,0,7.443274151,0,6.611728612,6.218576012,6
s5t6,9.218561365,9.444530453,9.104886489,9.545942091,9.295821641,8.763608496,8.591827616,8.542179324,8.038411859,8.157499031,8.409232245,7.921375104,8.307328295,7.496819946,8.407231567,7.530681951,7.357149507,7.206565478,7.263752519,7.559589334,7.589707111,7.617373308,7.351443965,6.75894126,7.2849648,6.818963341,7.813060575,6.772836586,7.624719641,7.926297904,6.877335823,7.179429351,6.766330411,8.338733409,7.4258175,7.442288663,7.442747254,6.429810523,6.93324747,7.02265314,7.226679536,6.756087465,6.927322611,7.925862872,7.168373106,6.891644242,7.067821258,6.728757393,6.731474606,6.966387976,7.118501636,6.890956502,6.973656782,6.659033104,8.431893791,7.063932709,6.582108458,6.89964699,6.607371156,6.601172801,6.794908362,7.600190197,7.19569983,6.817688819,7.394770069,6.974515501,6.452946709,6.411798483,0,0,0,6.949870807,6.521726719,6.540553462,6.510796686,7.017509499,6.809947816,6.890932578,6.480447334,6.513812503,6.657396761,0,6.307964351,0,0,6.740547192,0,0,0,0,6.883983879,0,0,0,6.225658588,0,6.872257538,6.384485251,6
s6t6,9.312227468,9.460592335,9.142383736,9.561035769,9.308476039,8.821161683,8.629426813,8.569006206,8.064211122,8.228430505,8.452944689,7.989640201,8.137683483,7.547951934,8.186369187,7.559674262,7.411830747,7.253892946,7.287466502,7.557284516,7.618165924,7.620171623,7.328384617,6.828255279,7.281848896,6.891435702,7.801594147,6.793862229,7.686005239,7.759801304,6.932084637,7.204381954,6.884779734,8.16657497,7.291926808,7.458032917,7.385077523,6.633416389,6.989216814,7.088307965,7.210784499,6.822479148,6.970188002,7.887814671,7.073017375,6.941360851,7.062916399,6.790305127,6.68826201,6.933162029,7.11032714,7.007927809,7.026855756,6.549225328,8.539579123,6.967036689,6.768620709,6.707253224,6.402192773,6.539070404,6.879229133,7.589665942,7.120488276,6.644536813,7.283264413,6.497668275,6.470004204,6.466243494,0,0,0,6.824235395,6.596286058,6.455718908,6.514513314,7.026706784,6.891240142,6.661623919,6.525579853,6.561569886,6.587749885,6.430845189,6.34688819,0,0,6.716332846,6.561569886,0,0,0,6.8966123,0,0,0,6.146318946,0,6.742397566,6.619610933,6
s7t6,9.244854881,9.343606207,9.024116761,9.343419688,9.315798717,8.696292006,8.834243336,8.424153213,8.000475364,8.016526091,8.217824139,7.855680701,8.099118009,7.609689758,8.048980234,7.561306334,7.341306892,7.231524653,7.943070789,7.695365032,7.7820561,8.040786497,7.497884641,7.369023044,7.383091228,7.26869679,7.567516056,7.217415295,7.470386666,7.801077829,7.231288819,6.87663751,6.942575951,8.26155086,7.369561751,7.254272815,7.292309352,7.069909361,6.847768387,6.870570654,6.90953296,7.01674742,7.036364383,8.561368525,7.272074986,6.790920344,6.988811255,7.175799622,6.945082731,6.963947481,7.580071372,6.696828152,7.141595213,6.746218812,8.338913413,6.873779803,7.056235771,7.001092587,6.512258538,7.125619855,6.176527161,7.894981749,7.210147078,6.749197042,7.380218946,6.581129168,6.744596315,7.027625783,0,0,0,6.659894837,6.734905925,6.621928372,6.688859903,7.540726807,6.907384823,6.547728502,6.788777341,6.653505908,6.733768988,6.732604807,6.179174694,7.112434532,0,6.843521629,6.653505908,0,0,0,7.381339743,0,0,0,6.186900675,0,6.743354773,6.703198147,6
s1t9,9.591747657,9.468831149,9.367644856,9.778080764,9.167490805,9.134714858,8.761722298,8.717345078,8.325339469,8.521063758,8.732928156,8.204003101,8.370409333,7.664730203,8.516896776,7.719360421,7.849589686,7.558914799,7.167444832,7.611402513,7.509117904,7.54618495,7.286048088,7.025483733,7.142268511,7.097424921,8.032442486,6.909603404,7.758482603,8.069766772,6.918542894,7.514909268,6.760910377,8.571538481,7.515333549,7.627800697,7.512327823,6.632086184,7.29736022,7.327041659,7.397127694,6.877452396,6.957140067,8.321342378,7.415613231,7.110939472,7.311835216,6.667306766,6.910597326,7.125532168,7.053464083,6.945737087,6.792240118,6.543264931,0,7.231096644,6.606727344,7.041252081,6.631399814,7.482346688,6.908333629,7.530486914,7.285737797,6.889518148,7.183070623,6.904377873,6.434929688,6.246003594,0,7.338565662,0,6.968892829,0,6.54553889,6.053561752,7.372995263,0,6.771658486,0,6.641420132,6.657369016,0,6.608822215,0,5.966366434,6.888708597,6.560752039,0,7.149777231,0,0,0,0,0,6.388187832,0,6.722395637,0,9
s2t9,9.580025845,9.409783113,9.33758848,9.76801686,9.117651343,9.146267501,8.723613291,8.670091149,8.299507164,8.478891693,8.717690781,8.200633105,8.337479555,7.612788363,8.532714581,7.649022848,7.811215148,7.441503496,7.085487355,7.554015805,7.435617467,7.517474944,7.270293702,7.197979237,7.050940288,7.057637556,8.058673189,7.034666004,7.836541672,8.042372256,6.897562776,7.476114133,6.913909515,8.613101517,7.589835053,7.566163759,7.49846327,6.821505787,7.192992013,7.277176753,7.411145956,6.847281868,6.944093386,8.344053428,7.386112619,7.142030373,7.269887214,6.648111595,7.091640854,7.199455657,6.993838176,7.061359709,6.666774531,6.940519561,0,7.216950924,6.601020611,7.091248159,6.659617451,6.772385948,6.836204595,7.528370582,7.305211909,6.824466251,7.297855445,6.918332748,6.551908466,6.205006752,7.620061585,7.329415252,0,6.955416373,6.81228196,6.854265461,6.154200028,7.406376267,0,7.194318833,0,6.693040112,6.563338057,6.459703642,6.601185779,0,0,6.91030906,6.693040112,0,7.059398201,0,0,0,0,0,6.045200403,0,6.680812133,0,9
s3t9,9.405168076,9.076392244,9.086100739,9.44850885,8.935846009,8.811625881,8.592026858,8.55191429,8.018938626,8.100435262,8.36764726,8.038445918,8.306164709,7.466874524,8.224733027,7.365570977,7.580177142,7.231913546,7.605586922,7.838461211,7.436199212,7.78659548,7.52894589,7.243175167,7.297404724,6.994029528,7.667529136,7.095882235,7.359627993,8.128663693,6.942638586,7.227003443,6.912123302,8.678584494,7.275959219,7.367452845,7.361167013,7.146650779,6.988108361,7.05721529,7.00107499,7.11212434,6.659271888,8.377060428,7.1637546,6.802143707,7.07724074,6.626223606,7.123345957,7.091691602,7.174042874,6.512638481,6.775683695,6.607686225,0,7.180494967,6.973473405,7.120345625,6.76166564,6.859912627,6.811720373,7.692158927,7.255135573,6.869620168,6.767541297,7.228402165,6.377922257,6.57434368,0,7.258609555,0,6.712884778,6.168795738,6.552617968,6.03342469,7.871446912,0,6.553195625,0,6.529877231,6.850985995,6.835402442,6.304380784,0,7.182107029,7.039433718,6.251052001,0,6.95316702,0,0,0,0,0,5.737619764,0,6.698392745,0,9
s4t9,9.750833695,9.721419397,9.554247866,10.11076333,9.451713147,9.371649105,9.080920883,8.457955801,8.90658496,8.728400752,9.024560424,8.170128624,7.994795034,7.969664272,8.86067539,7.921363186,8.135053164,7.684828648,7.144335746,7.577971597,7.57715839,7.869124783,7.189871654,7.213422091,6.933705464,7.338192572,8.262972779,7.110487698,7.828947125,7.839570088,7.109243594,7.929626747,6.903846362,8.462954045,7.909077327,7.83180079,7.296116896,6.627377968,7.502619226,7.601652533,7.48810235,6.846667684,7.420022865,8.590708805,7.195708249,7.307272314,7.566825518,6.987505311,6.79773933,7.222457526,7.212872054,7.08208994,6.860527433,6.690005865,0,7.560810799,6.360535517,6.955415268,6.599341689,7.084781028,6.811720373,7.344086217,7.356239592,6.488251413,7.391642403,6.686691978,6.646404523,6.18597344,0,7.20985539,0,7.204492909,0,7.039412414,6.203462437,6.691361179,0,6.75928106,0,6.683040678,6.665571777,0,6.824611462,0,0,6.366249189,6.683040678,0,7.229689799,0,0,0,0,0,7.245805313,0,6.745273923,0,9
s5t9,9.534403739,9.420843481,9.369996348,9.718718056,9.154267512,9.093315056,8.646406374,8.698646528,8.298480054,8.472448616,8.703915471,8.193900571,8.304152536,7.618420817,8.402439466,7.659149595,7.643943241,7.509463376,7.085233257,7.493080817,7.446915885,7.43538884,7.20799433,6.816436297,7.195402306,6.934196004,7.985964802,6.76840199,7.737828811,7.951749186,6.787896847,7.475417316,6.627189749,8.494436556,7.631803413,7.580382612,7.475100962,6.64413922,7.287097343,7.287373674,7.385545421,6.715817847,6.852621328,8.049774831,7.310148244,7.115284909,7.229291423,6.610655304,6.827430744,7.088412506,6.951481613,6.843219433,6.733491796,6.604809358,0,7.116088439,6.564996966,6.967097961,6.544204032,7.279178673,6.398852171,7.428871572,7.248618134,6.749305538,7.169919912,6.576473923,6.225461808,6.38609204,7.349671783,7.219609989,0,6.988350371,6.540843939,6.477474011,6.016442121,7.197572668,0,7.062266444,0,6.633323202,6.62024936,6.808123257,6.591338863,0,0,6.750218196,6.722146819,0,7.157683778,0,0,0,0,0,6.351068183,0,6.685275979,0,9
s6t9,9.656067005,9.509307549,9.462459003,9.783591829,9.240144045,9.175147149,8.760296749,8.778845747,8.379831654,8.569366702,8.759551243,8.283742951,8.363119082,7.746993921,8.394962138,7.758982975,7.894464606,7.61594139,7.207000074,7.636153659,7.544936234,7.549081014,7.329682716,6.975085348,7.310177137,7.111374024,8.021575636,6.854512083,7.873058577,7.974661018,6.858950881,7.53365853,6.766510707,8.479710608,7.576806339,7.648019726,7.549070316,6.786170219,7.386808664,7.375866598,7.411897994,6.848327992,6.956544209,8.116615992,7.241581239,7.178574523,7.305561517,6.733186751,6.955580783,7.196885759,7.058289752,7.11107002,6.839626202,6.622874665,0,7.35692233,6.564724944,7.144408316,6.590738988,7.297633005,6.859423274,7.554154611,7.323009514,6.753891258,7.214937839,6.843490341,6.371512026,6.176915502,7.552688705,7.281901431,0,6.964489166,0,6.600243334,6.367607202,7.413491923,0,6.889587074,0,6.599200311,6.594793121,6.56042379,6.629902575,0,0,6.786139103,6.599200311,0,0,0,0,0,0,0,6.46409181,0,6.759027503,0,9
s7t9,9.593382215,9.253420465,9.297547192,9.615755448,9.083671003,9.060330906,8.827599254,8.668111658,8.279106922,8.368999528,8.58757156,8.199107975,8.334212578,7.681747082,8.291856252,7.658680976,7.830180446,7.515825845,7.621038095,7.652005128,7.55787838,7.754307329,7.328801149,7.330467025,7.220353176,7.142081186,7.834169729,7.141562964,7.594828509,8.042318724,7.027695357,7.363920629,7.010285712,8.659864927,7.557465275,7.550934943,7.436389095,7.167540192,7.256636744,7.226286391,7.185350014,6.999148478,6.93993977,8.281681167,7.266348033,6.991670451,7.26426318,6.850085338,7.043869572,7.119722041,7.243846586,6.793429403,6.882341768,6.690159958,0,7.04844481,6.65446741,7.115684085,6.679021208,6.769889163,6.887367192,7.509465805,7.26263885,6.865417326,7.207654751,7.205527785,6.513228036,6.647479301,7.369522256,7.138139303,0,6.826178367,6.718677045,6.487060055,6.420837716,7.617437203,0,6.614455474,0,6.633323202,6.641184229,0,6.527341216,0,7.338610741,6.925783029,6.541250012,0,6.987964306,0,0,0,0,0,6.078651152,0,6.669501719,0,9
s1t12,9.542017745,9.548996558,9.259283119,9.923662686,9.320009307,9.046265257,8.786147106,8.870339187,8.228090779,8.453270991,8.772199024,8.270202409,8.574236342,7.621053627,8.723270457,7.652295089,7.677082545,7.391603337,7.284605431,7.721074041,7.604376468,7.651394618,7.45076731,7.113533185,7.318645464,7.044283845,8.167834892,7.073327856,7.724660185,8.364125979,7.203008018,7.467133059,6.826728207,9.093748891,7.560677814,7.788824434,7.733109929,6.644301468,7.149015564,7.388777131,7.578487973,7.008560271,6.940400914,8.656391517,6.727772738,7.141541034,7.46694312,6.743489574,7.035123781,7.300284531,7.174094353,6.946460877,6.915121564,6.567310677,8.815029391,7.505696989,6.53731742,7.420041311,6.925316013,7.766670846,7.141273388,7.503221209,7.235492514,7.015782547,7.329502657,7.158680124,6.402686873,6.370038293,8.15564062,7.194287629,8.074194097,7.185392694,6.591368169,6.805340855,6.309789893,7.51737019,6.819798009,7.411461541,6.484847464,6.5755229,6.768599299,6.96958897,6.681166493,7.179385508,0,7.111832404,6.5755229,0,0,6.177914581,0,0,0,0,6.30129069,0,0,6.729131102,12
s2t12,9.247958523,9.381340311,9.015006812,9.515422347,9.199768859,8.775123259,8.623485067,8.434702036,7.990958537,8.122376269,8.380552923,7.875440506,8.274711508,7.432507459,8.46184156,7.413345139,7.335505787,7.062986647,7.117778132,7.578366631,7.444846912,7.574450107,7.409534555,7.117633913,7.261399526,6.852182159,7.790398629,7.051843674,7.673953139,7.963450751,7.112426529,7.02040544,6.87136605,8.532264907,7.300105477,7.367160243,7.403099394,6.469600187,6.730333746,6.891881504,7.163823962,6.902968508,6.801309402,8.579063656,6.788019082,6.774237149,7.088539282,6.645487854,7.084919821,7.057931729,7.052345756,6.788077485,6.745602742,6.834660181,8.420195664,7.22458774,6.519491765,6.992709882,6.541310371,6.714911794,6.717650456,7.461669686,7.015605977,6.757837773,7.327642585,6.662721276,6.497689744,6.282648736,7.499219347,7.130291773,7.469747277,6.802721362,6.639348313,6.642436021,6.332970565,7.407940457,6.938063917,7.030441874,6.348461079,6.604887246,6.577369271,6.557323479,6.10398665,7.12766717,0,6.926022632,6.604887246,0,0,5.857733637,0,0,0,0,5.846030668,0,0,6.558171433,12
s3t12,9.180064643,9.03201747,8.860995513,9.279536685,8.957847441,8.556917798,8.504032934,8.389308489,7.788392378,7.830205066,8.121184318,7.795965879,8.229057563,7.300988159,8.131814675,7.141803418,7.244892276,6.902982413,7.608922704,7.786035633,7.440053523,7.80153562,7.575097799,7.229500088,7.362861896,6.831980346,7.46558419,7.123856262,7.13235312,8.173720846,6.950445066,6.86082376,6.863002445,8.78893774,7.065022885,7.195968734,7.290138725,6.961103373,6.675827776,6.768189304,6.837880599,7.090188956,6.50337731,8.453836618,6.610688095,6.598892786,6.955217858,6.583154122,7.091118889,7.006883098,7.186184886,6.369743878,6.818454634,6.508797967,8.266407859,7.143487971,7.054389467,7.157338275,6.782511852,7.512242572,6.248722485,7.647294152,6.96531388,6.87163254,7.366102143,6.982109975,6.289743392,6.576518414,7.798113154,7.311944954,7.717554635,6.575118891,6.519082133,6.771285873,6.176351858,7.782769452,6.972616934,6.634211923,6.380797524,6.213285776,6.71654698,6.739112295,6.705127126,7.120978375,0,7.029349419,6.213285776,0,0,5.8978005,0,0,0,0,0,0,0,6.62242481,12
s4t12,9.975467604,9.860659607,9.651132217,10.45399096,9.630265714,9.549004452,9.167845507,8.752863061,8.971961366,8.916001737,9.320418105,8.500078766,8.099614426,8.025452921,8.981451489,7.9886811,8.261422521,7.753340476,7.24282622,7.683312914,7.754661559,7.95480112,7.358162382,7.665514265,7.334567943,7.470995666,7.893141533,7.307359747,7.901780375,7.858014658,7.358775825,8.233160606,7.043343469,8.560540112,7.974000153,8.070269096,7.514325602,6.631531921,7.632920603,7.952147021,7.826332028,6.91442082,7.498031264,8.880848125,6.89282939,7.520912387,7.892078651,7.111563495,6.957968996,7.464607548,7.367158859,7.20406688,7.126605583,6.642260206,9.332561946,7.656777885,6.606617075,6.895572633,6.569581399,7.102216253,6.501415154,7.335424697,7.27994241,6.801434634,7.57133107,6.581078187,6.727717362,6.475504321,7.622710478,7.538538944,7.646438842,7.345562343,6.848680443,7.067841193,6.487800667,6.953200089,6.941198191,7.444010931,6.659573164,6.671115962,6.553746404,6.563482865,7.191982299,7.503221208,0,6.689855923,6.671115962,0,0,6.539839522,0,0,0,0,7.336406826,0,0,6.487670765,12
s5t12,9.468191046,9.416974666,9.307761162,9.652686418,9.20369023,9.010179183,8.6311298,8.621166186,8.223559727,8.392820599,8.618121869,8.108273275,8.28646376,7.583900171,8.378656879,7.580225895,7.620451936,7.398581843,7.062078663,7.530804286,7.455866331,7.462350455,7.328420344,6.824956181,7.450941726,6.860739829,7.88649187,6.797833847,7.67323418,7.872803465,6.826772258,7.300459447,6.683258574,8.244460227,7.527724654,7.507801385,7.446345718,6.43003974,7.172385706,7.159736127,7.297519658,6.817077687,6.794539353,8.094391296,6.813428176,6.963766341,7.169557572,6.59052015,6.812951279,7.093372105,6.9937898,6.837544147,6.786414826,6.588214422,8.718149442,7.17929381,6.419262797,6.906996995,6.274551709,6.969448252,6.806163669,7.443142482,7.142711418,6.647318333,7.341786478,6.548219574,6.132819989,6.219324677,7.252776777,7.232140506,7.207744302,6.906857776,6.445376492,6.630720345,6.33765092,7.241945465,7.112886717,6.996218523,6.292499219,0,6.522839881,6.349557234,6.44647778,7.212876226,0,6.748429954,6.679693131,0,0,6.177914581,0,0,0,0,6.104216041,0,0,6.532217666,12
s6t12,9.713603692,9.55398805,9.493832455,9.837790429,9.310765578,9.220534628,8.797823869,8.845837206,8.40105381,8.619308376,8.824829997,8.347506532,8.392779297,7.761545671,8.425430519,7.741048992,7.765834622,7.608767765,7.193628868,7.671270478,7.612004812,7.582871489,7.438029562,7.006692452,7.570851703,7.174162247,8.072358405,6.960685978,7.891499911,8.027801895,6.980986507,7.500709893,6.820800442,8.529942474,7.706866282,7.691035998,7.628643755,6.813885284,7.411746333,7.408502797,7.485349658,6.973388615,6.953851818,8.155723382,6.936924138,7.196365943,7.393315484,6.761144979,6.942421406,7.305923248,7.126831308,7.147233922,6.931657338,6.628268983,8.984115376,7.288168807,6.712662094,6.973069422,6.579548587,7.350761773,6.634664342,7.545974157,7.245279761,6.783806457,7.34610111,7.12706784,6.395050749,6.338028958,7.459939521,7.452890902,7.418426089,7.010051999,6.68394693,6.697289594,6.409060537,7.47261573,7.080728409,6.939862758,6.439352186,6.64604575,6.618965395,6.92078309,6.659711847,7.126885543,0,6.941016259,6.64604575,0,0,6.082519399,0,0,0,0,6.255656965,0,0,0,12
s7t12,9.406745933,9.256623055,9.143191641,9.391759758,9.160981958,8.855408451,8.794456201,8.459137829,8.122305603,8.143605248,8.339548227,7.968712405,8.180729411,7.595876366,8.104971025,7.530618111,7.556304565,7.294987823,7.688594806,7.640307186,7.63351835,7.843843087,7.450034289,7.289718374,7.409792896,7.037162878,7.555032505,7.163904203,7.455289183,7.921541959,7.100608263,6.986508379,6.972830988,8.407154245,7.418182443,7.34260468,7.300427763,7.011267115,6.998980982,6.927240884,6.977010393,7.047370342,6.844163329,8.626701031,6.762208516,6.724350019,7.088554843,6.861228002,7.041228845,7.023459729,7.333781561,5.908110742,6.976705455,6.648469273,8.526406579,6.985159645,6.924721586,7.031318472,6.468235571,7.210880051,6.761957432,7.574024695,6.919375105,6.594148479,7.186262825,7.113439856,6.44406864,6.716703215,7.328605701,7.143575818,7.265705707,6.627625933,6.625641368,6.569811321,6.531008094,7.661696076,6.86415478,0,6.593050406,6.786101502,6.568747069,6.761957432,6.157199532,7.039806091,0,6.931959597,6.786101502,0,0,6.128795351,0,0,0,0,0,0,0,6.597699877,12
s1t15,9.871538643,9.634875002,9.606032065,10.03923855,9.319238404,9.4062677,8.959995027,9.004896249,8.570337995,8.808026625,9.037986717,8.524731872,8.423581531,7.815530853,8.585689845,7.881625467,8.137291829,7.786371729,7.262875942,7.691487552,7.680209369,7.645565297,7.389673201,7.355050519,7.408914763,7.315720036,8.316759489,7.244772549,8.001325186,7.888738475,7.113628579,7.746162981,7.056554625,8.091647191,7.867666108,7.823983155,7.708779913,6.832964515,7.581526057,7.611647647,7.677116355,6.942652473,7.12166192,8.390730218,6.891962027,7.412091316,7.553713303,6.835513561,7.063724501,7.378776344,7.141894608,7.182584271,7.00343065,6.744177042,0,7.339164459,6.638557338,6.771823579,6.252937565,7.071165229,7.149551511,7.587204843,7.310861525,6.802435442,7.306963088,6.995848647,6.56152761,6.113084752,7.144410482,7.62036511,6.981094308,7.195773513,7.98837666,7.938894185,6.364989207,8.541622852,7.021554792,0,6.540465208,7.069139755,7.792139554,8.086532533,6.925804167,0,0,0,0,6.894174371,0,6.217072399,0,0,0,0,0,0,0,6.656729858,15
s2t15,9.788626904,9.548216737,9.532139951,9.92858829,9.260075535,9.3428987,8.897828408,8.855290244,8.499606851,8.695780583,8.924186783,8.413858524,8.363748382,7.774651104,8.572143459,7.788616321,8.027555769,7.644228154,7.167444454,7.624106852,7.603462411,7.639532216,7.398729805,7.452614799,7.420089825,7.254230963,8.235561995,7.298929855,8.055368232,7.902385134,7.109728157,7.643726639,7.190833542,8.118584535,7.776947561,7.70082893,7.666021455,6.857976176,7.42376128,7.460385038,7.568522828,7.001970792,7.084421461,8.340651959,7.019122161,7.319356095,7.440000054,6.77397121,7.173401845,7.394582809,6.94893914,7.229137404,8.125967775,7.109023334,0,7.289203284,6.608930263,6.821125542,6.307707293,7.129339917,7.257719636,7.487071733,7.019014923,6.742519964,7.294647949,7.019245982,6.677114096,6.158302196,7.074631725,7.646721777,6.931750287,7.077686083,7.191860331,6.741111361,6.410371666,8.562996424,6.92020871,6.947838133,6.416263994,7.986606552,7.77694879,8.079202436,6.756576222,0,0,0,0,7.63683498,0,5.999888763,0,0,0,0,0,0,0,7.819858123,15
s3t15,9.722450342,9.32274709,9.381679579,9.715611997,9.160199127,9.117974965,8.878358246,8.857979729,8.298595986,8.393915092,8.678106411,8.374188433,8.49142617,7.675002285,8.412899835,7.603716726,7.737127361,7.525212292,7.802774005,7.996115631,7.687315168,7.980107422,7.754488452,7.654646299,7.680776409,7.327959537,7.950647879,7.46347692,7.572795529,8.159747835,7.22867117,7.475008552,7.279909615,8.36429361,7.530116473,7.621979313,7.65406371,7.410935203,7.309485524,7.346757703,7.276961676,7.330208853,6.906567419,8.366819899,6.990271366,7.078071989,7.421559293,6.84843392,7.333101779,7.409709898,7.276043397,6.773532073,7.042054378,6.851457486,0,7.34723361,7.064326659,6.990599253,6.664324067,7.338001033,6.68695744,7.777009197,7.348584917,7.046507845,7.455162243,7.261631069,6.634865506,6.722044234,7.412577963,8.68357792,7.152748357,6.953348256,7.916484724,6.931708599,6.398126144,9.221045974,7.390519065,8.092623044,6.59847796,6.754095022,6.892596794,7.171496434,6.563649669,0,0,0,0,7.702318435,0,0,0,0,0,0,0,0,0,6.820982439,15
s4t15,10.11945673,9.776073831,9.814030464,10.44547031,9.49258416,9.707441221,9.184958846,8.772360099,9.120838826,9.080920109,9.391753711,8.560818658,7.98020856,8.128740705,8.849882116,8.098209776,8.306507719,7.938803686,7.354080513,7.748783838,7.792822164,8.00314615,7.358995601,7.423252819,7.353453584,7.542523505,8.079776289,7.263957353,7.998155674,7.694477771,7.27876905,8.327088505,7.114521626,8.241675503,8.109334101,8.039907507,7.478235145,6.978244071,7.82600399,7.971632701,7.832855196,6.957580386,7.523368044,8.74440769,7.052396438,7.699982104,7.88328184,7.076451864,6.899848176,7.327665169,7.194698681,7.287751519,8.307029233,6.866346311,0,7.752463203,6.75797654,6.926586998,6.446811287,7.05565998,6.733051139,7.428853106,7.482662931,6.9406712,7.624055052,7.096426897,6.860912249,6.333652842,7.239009978,7.665469143,7.185321088,7.348967049,6.961470472,7.18480202,6.281521324,7.987745468,7.407500192,7.245811295,6.620955782,7.956322344,7.728374818,6.555439641,7.23486379,0,0,0,0,0,0,6.364382325,0,0,0,0,0,0,0,7.841783244,15
s5t15,9.688670275,9.436007473,9.506319439,9.819714923,9.154373646,9.233016545,8.712415998,8.829169322,8.440866259,8.622687114,8.847625783,8.33726988,8.436646353,7.725579466,8.520935382,7.734324057,7.943566967,7.635912639,7.186673721,7.637165378,7.542338086,7.565935443,7.388785796,6.965382391,7.529051038,7.040829607,8.100435797,6.853916001,7.818114797,8.147210525,7.157548406,7.619882484,6.897757406,8.750689453,7.756114196,7.685172933,7.631365833,6.907635283,7.453367096,7.405874889,7.51934104,6.981125263,6.901209309,8.448711697,7.223271174,7.241080447,7.372515266,6.619617295,6.886079125,7.371738045,6.946154862,7.012284876,7.940214307,6.815934787,0,7.353567198,6.686980128,7.224675571,6.757562123,7.599385021,7.063221024,7.495803776,7.227187653,6.927789856,7.45035212,7.103836226,6.274639836,6.358268493,7.764149569,7.603412425,7.612697875,7.096133781,6.619864255,7.922252119,6.222673536,8.333752748,7.815056973,6.935702307,6.399604291,6.920480509,7.776986838,7.96910317,6.676027169,0,0,0,0,7.819341081,0,0,0,0,0,0,0,0,0,7.74713792,15
s6t15,9.555342441,9.475230249,9.378981075,9.59499311,9.225883251,9.057367552,8.719700747,8.622482185,8.293459519,8.455055074,8.608802717,8.155186481,8.253041218,7.683641134,8.254292565,7.68805221,7.774822607,7.543187555,7.205462773,7.630210719,7.599150035,7.585439729,7.432629362,6.993472405,7.474075264,7.069726904,7.833541781,6.900389019,7.482477887,7.935527765,6.998535842,7.288394464,6.856607899,8.3780009,7.630845265,7.490501903,7.455052415,6.920652758,7.294946684,7.161521761,7.303264843,7.074734157,6.880727061,8.448711697,7.842516821,7.084683425,7.246028804,6.713836096,6.898359127,7.089686188,6.961407751,7.052120453,6.9691562,6.640443365,0,7.303747727,6.493724753,6.554168892,6.769862518,7.191423644,6.691277468,7.55396601,7.106698907,7.058125637,7.528644384,6.952364774,6.530998703,6.504114231,7.431061161,8.698385971,7.234034458,7.155016375,6.649538589,7.847172506,6.27849959,8.30870157,7.360567329,7.751558047,6.387320474,6.899631061,6.965886547,6.429996792,6.900001978,0,0,0,0,6.278947975,0,0,0,0,0,0,0,0,0,7.641522848,15
s7t15,9.690855056,9.359052158,9.409167951,9.536092131,9.196431548,9.135840488,8.954546222,8.638848821,8.381512965,8.448472674,8.609503303,8.245101286,8.245452353,7.792197425,8.146803953,7.765190166,7.940424653,7.65754213,7.792633241,7.753169691,7.736198836,7.919858599,7.508092697,7.521683606,7.44832576,7.322471809,7.76461257,7.315298089,7.696770656,7.941515829,7.195173686,7.293557947,7.199123825,8.217386897,7.674390553,7.470888942,7.404268036,7.348958714,7.388132028,7.181152446,7.148878703,7.150492535,7.03495365,8.182327277,7.651086807,7.036433363,7.306469001,6.990667282,7.128000538,7.239167403,7.337903983,6.941464783,7.084941861,6.885681216,0,7.175362251,6.804424802,6.996001316,6.640117224,7.301100891,6.998420737,7.675979227,7.152105961,6.974769866,7.432619228,7.165274788,6.766706623,6.826490997,7.342619168,8.474776393,7.072570335,7.155016375,7.871069604,6.697106904,6.553532833,8.697837926,7.17059958,7.690723796,6.6822262,7.215866636,6.982716144,7.865570458,6.900001978,0,0,0,0,6.760780898,0,6.178840719,0,0,0,0,0,0,0,6.624747871,15
s1t17,9.901846089,9.699262768,9.648706978,10.13195939,9.329163072,9.426551675,9.036058263,9.101907063,8.601982242,8.811632685,9.045514368,8.542233385,8.819963737,7.911396327,8.95133352,7.968267594,8.046434585,7.765346644,7.438128221,8.101579738,7.666056671,7.972701519,7.779400883,7.382465489,7.658768867,7.364964843,8.388422278,7.232926268,8.09757616,8.62378351,7.225929042,7.738544355,7.146816535,9.190633306,7.927720992,7.988631712,7.951362642,7.018709478,7.508729454,7.605315128,7.772729408,7.475011754,7.247203661,8.989260137,7.324504916,7.422334308,7.647657392,6.861238868,7.500355758,7.567993061,7.358258751,7.240351506,7.036072196,6.898087594,9.131242153,7.778262302,6.823628394,7.67414193,7.22131355,7.969724601,7.422665257,7.791395871,7.515040976,7.30935096,7.499289651,7.470423202,6.587261868,6.457681553,8.131142527,6.987170264,8.07105219,0,6.952129777,7.092865743,6.422216518,8.452303463,7.078773895,7.615401284,0,6.952129777,7.027225059,0,6.84381235,7.291840251,0,7.353740131,0,6.579348427,0,0,0,0,0,0,0,0,7.441410267,0,17
s2t17,9.781323505,9.555525373,9.531296754,9.99341731,9.199445886,9.33022824,8.915914456,8.923533784,8.490199816,8.671180336,8.914078475,8.413879836,8.693665487,7.791913224,8.874855212,7.81004424,7.912799211,7.55835128,7.28188818,7.920374019,7.508511309,7.852387182,7.673287009,7.445739173,7.6356007,7.232133271,8.287602825,7.211812723,8.0847443,8.555456418,7.001286103,7.610266159,7.140577706,9.370219415,7.778022839,7.796221587,7.843736534,6.918118039,7.316067255,7.550902178,7.645752361,7.3734372,7.157021654,8.838376136,7.141350269,7.31349961,7.485040959,6.752405516,7.504981367,7.523118561,7.174604341,7.28103793,6.87687616,7.242310439,8.980168109,7.711112335,6.710121344,7.68098864,7.166441004,8.063826747,7.076454019,7.781244784,7.363742364,7.299532471,6.555705126,7.360316225,6.687518959,6.306594166,8.45444431,6.909024613,8.423402333,0,7.038175157,7.0454835,6.417060185,8.246369858,7.090077648,7.539000622,0,7.290442044,6.909739414,6.806997534,6.700052586,7.191719343,0,7.323636846,0,6.553607554,0,0,0,0,0,0,0,0,7.306251364,0,17
s3t17,9.636402468,9.297606443,9.261352679,9.82476588,9.101111218,8.986830566,8.831164612,8.953612735,8.162792846,8.276332945,8.629001617,8.329907576,8.7139461,7.605341836,8.627756202,7.443230604,7.62169951,7.278524297,7.907466035,8.254665344,7.591079142,8.246864639,8.030370173,7.554985435,7.877052053,7.185418865,8.015425222,7.349252295,7.58213435,8.630202408,7.200835963,7.427113776,7.141461304,9.246875129,7.432549005,7.722991913,7.550121676,7.419899204,7.061312021,7.313336329,7.369284388,7.615286775,6.889920137,8.87616898,7.04160002,7.087019399,7.447243547,6.788886549,7.68811077,7.544680432,7.501897352,6.723321978,7.008548293,6.950065561,8.735907323,7.775651953,7.430843926,7.66006827,7.332037055,7.983279237,7.302637574,7.954608501,7.428687254,7.42003223,0,7.6416466,6.546980035,6.801509572,8.199768494,6.466093825,8.184633503,0,6.777189782,7.062253552,6.309522492,8.911985549,7.231867244,7.056423289,0,6.536061679,7.415933457,6.831971697,0,7.549418227,0,7.596711339,0,6.951130177,0,0,0,0,0,0,0,0,7.398319033,0,17
s4t17,9.940193815,9.71643031,9.647054839,10.47064274,9.437498515,9.525049763,9.081486018,8.858873184,8.954026676,8.87732259,9.280189456,8.467761914,8.463036164,8.052825397,9.279885487,7.968921788,7.978659391,7.670931514,7.420128689,8.102029368,7.683066077,8.270659982,7.752110864,7.278001866,7.655927853,7.360767747,8.642416152,7.120431821,7.955535663,8.247489119,7.243269726,8.189820072,6.892672133,8.720363299,7.990966375,8.270097026,7.752004394,7.060593445,7.540799301,7.92511769,7.884000942,7.387128766,7.454833825,9.214402388,8.705389016,7.671533575,7.982886998,6.976411271,7.308885817,7.446321445,7.480714876,7.222099899,7.040701599,6.99639739,9.262646534,8.059874264,6.709493278,7.498003476,7.01457057,7.754538129,6.91405127,7.572512956,7.653348954,7.25067196,7.515928156,6.951916929,7.315545149,0,7.730468956,7.010207323,7.806429765,0,6.87884213,7.46595114,0,7.782362268,7.273525456,7.282930195,0,7.052456466,7.40809812,0,7.158509556,7.881033092,0,7.098319489,0,7.110490148,0,0,0,0,0,0,0,0,7.527396105,0,17
s5t17,9.38402055,9.324055877,9.226731843,9.502111742,9.059939977,8.897415493,8.544916949,8.507411603,8.132026139,8.283281007,8.478318208,7.990712788,8.378600363,7.553101879,8.430359602,7.474636789,7.350307176,7.22884735,7.334690529,7.84822361,7.427463499,7.811422802,7.68541556,6.750301638,7.807221137,6.722458629,7.75380374,6.61798603,7.766660723,8.146147241,6.856070622,7.151425045,6.67225253,8.599261913,7.609039357,7.348408193,7.411333754,6.968254721,6.997014756,6.919996609,7.249132956,7.324486046,6.671883549,8.406902642,8.81456021,6.949496665,7.038928203,6.532523473,7.136559611,7.059113448,7.189314151,6.864648013,6.828637868,6.849939361,8.520745693,7.558064734,6.785327502,7.491896871,6.989024486,7.721462878,6.364435786,7.699916756,7.456141232,7.139991395,0,6.780027531,6.885288736,7.137998454,7.747692657,6.607410832,7.560891682,0,6.419056448,6.9183848,0,7.971764997,7.329718935,0,0,6.892553367,7.148717119,6.364435786,0,7.517303292,0,7.053350787,0,7.466969544,0,0,0,0,0,0,0,0,7.213179099,0,17
s6t17,9.647621888,9.463646379,9.429405338,9.77035081,9.142267586,9.129520551,8.733069022,8.811690968,8.336046442,8.527899188,8.731146736,8.275948174,8.54015409,7.747903784,8.537458572,7.740735504,7.764668599,7.48035345,7.393747204,7.923471211,7.54023333,7.877003427,7.722678508,6.970304145,7.830494803,7.013117437,7.999986063,6.793855759,7.958525618,8.234563969,7.038497527,7.397568729,6.767630221,8.664623133,7.7801011,7.689447443,7.684244291,7.170679399,7.2606315,7.258336182,7.495065266,7.275513552,6.910899458,8.412161762,8.580207262,7.247808046,7.33641353,6.684618486,7.226057189,7.390790078,7.165762062,7.30646954,6.934363072,6.914636057,8.833385026,7.626015124,6.810806117,7.518458476,6.957964028,7.500449559,7.03074564,7.730239626,7.486780108,7.158307268,0,7.27741875,6.885288736,0,7.726153511,6.981415318,7.657069303,0,6.711882317,7.003608783,0,8.15342926,7.15787701,0,0,7.304998463,7.221700981,0,0,7.517303292,0,7.191805163,0,7.425779787,0,0,0,0,0,0,0,0,7.145898217,0,17
s7t17,9.718174718,9.417666467,9.445995112,9.547291645,9.221083278,9.130150059,8.997504366,8.647902659,8.389492463,8.455104659,8.579114749,8.218933221,8.483271648,7.88350062,8.307590125,7.768552445,7.842836748,7.586369604,8.011319626,8.158104844,7.744409499,8.293057713,7.9339852,7.519814124,7.915161479,7.329734833,7.717314287,7.273257728,7.796396331,8.232246677,7.275811144,7.209883345,7.24575398,8.587191412,7.74183871,7.406486577,7.561021522,7.547422963,7.313522264,7.094144361,7.116689961,7.546902521,8.216887476,9.021801673,8.802529705,7.053639606,7.316488736,6.983247893,7.580120401,7.419020485,7.647098584,6.947371967,7.174011819,6.99639739,8.792491379,7.614933999,7.166255299,7.604976795,7.172044492,7.748977013,6.57496144,7.899996278,7.368614568,7.322973616,0,6.877992516,6.736748045,0,7.720725439,6.773231614,7.571255745,0,6.955181426,7.270181142,6.49649331,8.719304345,7.296958252,0,0,6.892119091,7.321380798,6.517118385,0,7.253763713,0,7.399718656,0,7.570263669,0,0,0,0,0,0,0,0,7.316058137,0,17
s1t21,9.896239922,9.74487189,9.720271481,9.97784337,9.314347448,9.40300389,9.085587071,8.857347701,8.651616762,8.804578722,8.891354931,8.356447935,8.663352708,7.96202774,8.801110648,8.046245127,8.108301939,7.886376973,7.44957442,7.987424374,7.650268704,7.985652893,7.684845609,7.521582505,7.362942424,7.443953686,8.178553842,7.346629298,8.142244162,8.493287909,7.237430737,7.507284322,7.268141863,9.115502398,7.974526138,7.763288166,7.753570964,7.016689702,7.562475678,7.404526044,7.492949813,7.35855117,7.263859899,8.784291834,7.400495333,7.262607085,7.499742863,6.841223351,7.439772097,7.402909621,7.215681244,7.30755271,7.115847337,6.911922004,9.062468428,7.634284007,6.671754475,7.524935187,7.092411173,7.695247572,0,7.70917835,0,7.14428909,7.851768928,7.270720008,6.578864096,6.372481285,7.99957042,0,7.870673966,0,7.006126758,6.925563204,6.322344377,8.353801862,0,7.468878988,0,6.764256723,0,7.196811816,0,7.17315504,0,0,6.764256723,7.08101162,6.877081398,0,0,0,0,0,0,7.795323355,0,0,21
s2t21,9.831502373,9.661530753,9.639807423,9.899761169,9.259854601,9.364675435,9.021355018,8.765727737,8.574606929,8.7104994,8.841700614,8.303789554,8.625597345,7.875672169,8.80867956,7.919365678,7.857676592,7.706673014,7.366884989,7.878478271,7.604120007,7.956304091,7.635351909,7.591094121,7.352628991,7.381216761,8.158867556,7.359112125,8.185799602,8.42857503,7.156060851,7.466316414,7.299036257,9.076057311,7.866383554,7.642471144,7.704181344,7.026139126,7.407448691,7.303023048,7.460441731,7.336530575,7.210976356,8.577525593,7.233824906,7.259564745,7.41801582,6.820879018,7.523817552,7.50800628,7.232695096,7.339571258,7.007604964,7.32044712,8.962618206,7.586917852,6.655600559,7.461361176,7.001431055,7.74724703,0,7.694302132,0,7.121623412,7.497770006,7.207259257,6.765302431,6.278866827,7.922170516,0,7.886335709,0,7.082990081,6.822720046,6.419427714,8.286256269,0,7.476661682,0,0,0,7.237616341,0,0,0,0,6.92741869,6.868140619,6.764295028,0,0,0,0,0,0,7.007736584,0,0,21
s3t21,9.820493375,9.433566898,9.512018973,9.710781995,9.157179037,9.145837334,9.012566698,8.819275043,8.384395351,8.445424605,8.638648133,8.320888618,8.708849868,7.760595494,8.590975313,7.707382306,7.911367207,7.600341932,7.953646707,8.280097992,7.659560402,8.270523093,7.985994657,7.817374745,7.566152311,7.474486812,7.915390081,7.54867604,7.719989013,8.681485934,7.280179287,7.358557028,7.497031408,9.261606982,7.630868776,7.597332892,7.432991619,7.540628837,7.323494928,7.252608985,7.18446391,7.654425627,7.063210329,8.699306264,7.416606432,7.065050631,7.406855009,6.859770322,7.747249667,7.572410779,7.551139694,6.847986154,7.125698451,7.034020186,8.855639867,7.684469359,7.385839286,7.824776365,7.314238085,8.006070123,0,7.929294357,0,7.405518256,7.714194598,7.676713004,6.66000459,6.800346675,8.14906606,0,8.132126763,0,6.955296725,7.193271576,6.377915758,8.954426025,0,7.012018407,0,0,0,7.273534579,0,6.810832745,0,0,6.471656357,7.086103475,6.950299067,0,0,0,0,0,0,8.062744029,0,0,21
s4t21,9.824717015,9.668968399,9.672915885,9.943308337,9.330469747,9.40143092,9.054540928,8.294052536,8.953934214,8.768661916,8.892355742,8.05752805,7.88556428,8.075627313,8.680246956,7.994687946,8.159834077,7.790748894,7.371821049,7.828542373,7.577354272,8.201943383,7.514209289,7.387089268,7.481191746,7.436720878,8.056866438,7.201225263,7.918675437,7.650247658,7.073296391,7.787975511,7.090998689,7.993811917,7.974171701,7.654422105,7.222697629,7.084758344,7.543471632,7.401807218,7.277693157,7.112624355,7.41734517,8.994972645,8.957841537,7.259078762,7.447339872,6.942740261,7.07675954,7.308309433,7.337649764,7.24852001,7.045202451,7.001210997,9.016836373,7.696441035,6.475508708,6.75272684,6.549789442,6.799027276,0,7.752016416,0,6.708068335,7.544791195,6.234849009,6.697622937,0,6.931672373,0,6.995815673,0,6.867265297,7.44824588,0,7.415890126,0,6.886507763,0,6.737516529,0,0,0,6.894930321,0,0,6.737516529,7.068559348,6.579358087,0,0,0,0,0,0,7.87997974,0,0,21
s5t21,9.341922972,9.29328935,9.28589338,9.039690836,8.925220667,8.853375545,8.561243729,7.995599545,8.188128195,8.258251121,8.229084973,7.698914184,7.832387752,7.603008652,7.843759146,7.628511713,7.464568469,7.406053008,7.263813707,7.629686627,7.366751846,7.732927002,7.452634618,6.916017304,7.677528304,6.845709685,7.293681295,6.730121988,7.722262001,7.688208009,7.128771726,6.823867608,6.710957308,8.07871836,7.648126589,6.877251536,6.560613453,7.083105449,7.115864085,6.551133257,6.600152581,6.897015041,6.722933169,8.497383953,9.197598172,6.679614764,6.597174346,6.486005012,6.976273138,6.841791504,6.995984672,6.872167901,6.758154363,6.757272545,8.448987163,7.249463251,6.515065303,7.120015166,6.629481267,6.518923927,0,7.540390749,0,6.865182503,7.315413844,6.403947832,6.624438123,0,6.227167916,0,7.038215853,0,6.407247878,6.887215346,0,7.718628806,0,6.383653854,0,6.407247878,0,0,0,0,0,0,6.879984442,7.133045914,6.542649362,0,0,0,0,0,0,7.57408113,0,0,21
s6t21,9.452116102,9.42247965,9.371341188,9.168785294,9.0551395,8.932314029,8.700364374,8.180482935,8.266010254,8.338156533,8.300936372,7.813810285,8.047808763,7.72437371,7.985127903,7.734059095,7.531987294,7.497892708,7.326684729,7.831477099,7.477568283,7.840151374,7.58105824,7.033530298,7.658318232,7.042988948,7.40063688,6.847940221,7.889543416,7.958090547,6.842871596,6.857924148,6.839950641,8.591826637,7.687894589,7.128877905,6.848728622,7.134062163,7.167175713,6.68812573,6.900869536,7.137675042,6.875908635,8.604604803,8.984650494,6.920928754,6.858714758,6.652896589,7.162440411,7.029503393,7.074386731,7.226628741,6.955091823,6.817265134,8.534895299,7.439091775,6.616811699,7.19906134,6.967385359,7.564574334,0,7.665874053,0,6.995501761,7.538011764,6.592997829,6.329164325,0,7.78756739,0,7.51366008,0,6.666342647,6.901999614,0,7.95177642,0,6.595806849,0,0,0,0,0,0,0,0,7.112805667,7.339103546,6.580548062,0,0,0,0,0,0,7.995186821,0,0,21
s7t21,9.209820706,9.286411716,9.077571457,8.642339977,9.097332158,8.611369745,8.806198296,7.770759117,8.019366566,7.930965356,7.857539515,7.493132657,7.709669618,7.64388729,7.480049907,7.489189522,7.378466568,7.264010648,7.981183584,7.910808336,7.660975415,8.254939842,7.735210957,7.391168504,7.589389562,7.07986414,6.812281826,7.199710707,7.589837659,7.718226445,7.050944958,6.371704131,7.103809091,8.22411152,7.497169834,6.441330447,6.445273683,7.258927806,6.815252532,7.208717451,7.247852834,7.270760886,6.880963994,8.78098373,8.875281499,7.12154423,6.609059397,6.873320783,7.364717077,6.978603758,7.501573059,7.181981662,7.082501404,6.90254806,8.120717717,7.574076809,7.066450955,7.182868568,6.86570313,7.166475259,0,7.859189681,0,6.829449199,7.625324283,6.342183902,6.597994346,6.837871104,6.35533746,0,7.333525949,0,6.762413045,6.982969473,6.397766407,8.383872273,0,6.23724013,0,6.98009268,0,0,0,0,0,0,6.649710629,7.457303989,6.19003991,0,0,0,0,0,0,7.967911677,0,0,21
s1t24,10.30220341,9.879617644,9.973083048,10.45460921,9.448389563,9.800738821,9.281689034,9.371263917,8.903237054,9.227952304,9.436725983,8.946102129,8.789758847,8.100149741,8.975848272,8.269088944,8.516964866,8.157996852,7.644592411,8.141775509,7.598766126,0,7.988654177,7.740645029,7.685129475,7.702039239,8.709123,7.517979004,8.529440024,8.40879518,7.535303554,8.11378646,7.337869331,9.035092885,0,8.251214675,8.185321177,7.130449942,7.976973467,8.025780432,8.074963935,7.496769341,7.418778362,9.238100168,7.007953941,7.779916119,7.956572659,7.12807111,0,7.456481572,0,7.500744441,7.172995413,0,9.60960468,7.711272067,0,7.395919502,7.076319625,7.683800458,7.542928786,7.770126325,7.669452878,7.356121484,7.571213736,7.285158168,0,0,8.017385946,7.327403889,8.041922001,0,0,0,0,8.656005816,0,7.541880233,0,0,0,7.261221137,0,7.655613203,0,0,6.988902352,7.016799377,7.6046111,0,7.164963501,7.595998198,7.940504999,7.770126325,0,7.492618382,0,0,24
s2t24,10.27605325,9.776185354,9.907611398,10.48993666,9.367773186,9.789032388,9.197661947,9.389936307,8.839725136,9.173465566,9.449203269,8.979313244,8.882107744,8.004883469,9.100397559,8.14285616,8.450396757,7.9960563,7.474725288,8.106099733,7.524771115,8.267976557,7.951846604,7.791618491,7.72617194,7.604349549,8.783771921,7.534633858,8.522442689,8.537700905,7.545127784,8.138846743,7.420552533,9.290338431,0,8.268793142,8.230232921,7.047503795,7.84578589,8.025509845,8.121992887,7.504066422,7.34072244,9.194178671,6.6244367,7.840664987,7.949010969,7.000436955,0,7.738546467,0,7.550140447,7.288742928,7.608137663,9.571987711,7.855682154,0,7.600317758,7.256359025,7.418583855,7.692207498,7.732534998,7.667392476,7.425427539,7.562486193,7.241994475,0,0,8.346884554,7.340021013,8.324799312,0,0,0,0,8.620224146,0,7.824995766,0,0,0,7.067854716,0,7.57254999,0,0,7.108724505,7.028549691,7.613205859,0,7.175246391,7.405005651,7.969828779,7.732534998,0,7.486806684,0,0,24
s3t24,10.20435312,9.544044925,9.78466088,10.22568788,9.259808457,9.545127624,9.161865965,9.380489956,8.631549138,8.83819432,9.179944227,8.947644338,8.956885708,7.874158823,8.879646295,7.85433399,8.311750585,7.855004193,8.051913496,8.411850674,7.524771115,8.449821397,8.198448941,7.988650123,7.914247349,7.662713588,8.446519734,7.688935221,7.716853791,8.67644134,7.566812196,7.95120828,7.562853901,9.284935349,0,8.152651826,8.112283209,7.516922235,7.717384972,7.890343434,7.765184421,7.799180461,7.122512229,9.103809748,8.91473125,7.505688852,7.872510453,7.008782153,0,7.792757058,0,7.149535692,7.335062443,7.398918474,9.401587476,7.84026295,7.663363173,7.639831986,7.512939103,7.945853821,7.635497966,8.021980526,7.759838112,7.623042703,7.486377062,7.469397409,0,0,8.333100476,7.168048285,8.31127585,0,0,0,0,9.286802998,0,7.680162119,0,0,0,7.02222935,0,7.716159483,0,0,6.849095905,7.0305744,7.757554579,0,7.246767814,7.550356085,8.063605769,8.021980526,0,7.288988009,0,0,24
s4t24,10.21263635,9.709481704,9.878036254,10.40551255,9.351262569,9.751441705,9.151139888,8.767518243,9.167293936,9.159100476,9.423038801,8.63962198,8.635358502,8.170970842,8.776048105,8.093957566,8.565907524,8.000748922,7.642266552,7.95320439,7.689874597,8.314930848,7.624660525,7.501842956,7.48309386,7.647746381,8.568798414,7.278888078,7.852257334,7.800457046,7.387706331,8.341246511,7.1468932,8.263499836,0,8.069358157,7.746228639,7.198445987,7.923372983,8.027094942,7.796335298,7.395320463,7.471452451,9.207154938,9.111910419,7.651290148,7.900863379,7.186738078,0,7.058767636,0,7.466040077,7.078278891,7.266051372,9.533975914,7.881765237,0,6.815392394,6.789442248,7.397323951,7.196343688,7.604959962,7.648460453,7.008701764,7.783250082,0,0,0,7.187344851,7.149891944,7.554490723,0,0,0,0,8.70850885,0,7.426165729,0,0,0,6.812363353,0,7.905419064,0,0,6.929942005,7.338746834,7.298925508,0,7.012385224,7.513056718,8.209548905,7.604959962,0,6.923205919,0,0,24
s5t24,9.522914295,9.134964901,9.31339507,9.458472787,8.749881324,9.022831172,8.457271133,8.424610184,8.18580071,8.431890503,8.581529877,8.114073187,7.827324878,7.556599659,7.915109981,7.693259009,7.751653729,7.477445941,7.190210687,7.521319255,7.2738537,7.804712166,7.89638483,6.877460301,7.417372662,7.264158205,7.695860388,6.61469733,7.944988394,7.50423202,6.879254391,7.298887089,6.472094516,7.961237999,0,7.247196033,7.20964893,6.969616368,7.288939215,7.182481976,7.074343839,7.545166408,7.25119917,8.297074847,9.209390337,6.999279088,6.974456416,0,0,6.912937582,0,7.074024674,6.755759695,6.935130033,8.784086174,7.19073473,6.744714642,6.588567143,6.70878447,7.294488587,6.830107128,7.456498711,7.062324404,6.755273193,6.959469299,0,0,0,7.16063106,6.629705809,7.143877345,0,0,0,0,7.682859165,0,6.756538674,0,0,0,6.557393215,0,7.591215624,0,0,6.943453079,7.124168648,7.013035244,0,7.139397232,6.960191497,7.139737847,7.456498711,0,0,0,0,24
s6t24,9.727616307,9.272719523,9.469919428,9.683211211,8.894234516,9.206523149,8.622419243,8.684760334,8.349260805,8.623965375,8.781231065,8.338386157,8.108062922,7.716315443,8.115155376,7.805948292,7.948046702,7.639369545,7.243536316,7.704064082,7.363053142,7.879681942,7.578948324,7.01477449,7.525808897,7.315252698,7.91019184,6.735003387,8.075088675,7.760004809,7.007023323,7.491520807,6.567930164,8.22391355,0,7.502777812,7.477571878,6.95245528,7.476777269,7.447376814,7.310132071,7.545166408,6.75234221,8.317730402,8.92896434,7.207519273,7.238652138,0,0,7.031381315,0,7.273337819,6.819224291,6.986154186,9.021077998,7.245895323,0,6.793511597,6.812894518,7.222591557,6.723690369,7.54224653,7.122680103,6.928087699,7.23488657,0,0,0,7.516296933,6.814875143,7.347875973,0,0,0,0,7.838500606,0,6.988547033,0,0,0,6.821529524,0,6.761561707,0,0,6.943453079,7.048048541,7.111975983,0,7.139397232,7.092159383,7.209983941,7.54224653,0,0,0,0,24
s7t24,9.821422623,9.271293264,9.489153159,9.579847093,9.015940515,9.222759912,8.900159366,8.669409942,8.404185744,8.557156964,8.703374319,8.421260483,8.048413649,7.813737749,7.9621425,7.792144386,8.036555428,7.707859456,7.862917513,7.898957713,7.566741792,8.216503818,7.678808796,7.536250264,7.572764165,7.449429806,7.764687015,7.226888348,7.461384459,7.692782353,7.065754403,7.41740446,7.112537123,8.039534572,0,7.447273636,7.395513218,7.260307964,7.474519268,7.297927212,7.106882064,7.385749844,7.013895141,8.666699374,9.061992346,7.05643445,7.261011349,7.119230444,0,7.269933778,0,7.104795127,6.967860811,7.075010169,9.007963942,7.28575575,7.199531886,6.50745503,6.97780319,7.073416959,7.117216574,7.714797562,7.312790714,7.01983558,7.187287651,0,0,0,7.331974834,6.909083115,7.334948079,0,0,0,0,8.416788491,0,6.97981263,0,0,0,6.908851632,0,7.121744205,0,0,6.758034235,7.173159376,7.227049037,0,7.056595055,7.409734618,7.505230686,7.714797562,0,0,0,0,24
